NdcSearch,ndc
A61703022543,61703022543
A54868311105,54868311105
A00338055002,338055002
A00074349201,74349201
A00904052361,904052361
A43199001560,43199001560
A00904054460,904054460
A00074490334,74490334
A00245016212,245016212
A70092106708,70092106708
A52959013003,52959013003
A51645090599,51645090599
A00904052560,904052560
A66553000101,66553000101
A50268085215,50268085215
A37205014472,37205014472
A87701071218,87701071218
A00904582461,904582461
A47781064726,47781064726
A61553074004,61553074004
A10939020111,10939020111
A50268085415,50268085415
A61703022521,61703022521
A00182004701,182004701
